id_client,firm_name,anonymous,vacancies_count
11714,Филиал ФКУ Налог-Сервис ФНС России по ЦОД в г.Москве,False,230
4961470,ПСМ,False,188
874575,Группа Компаний РУСАГРО,False,54
24172,Ростелеком,False,54
291920,ФГБОУ ВО Санкт-Петербургский государственный университет,False,45
3001379,Т1,False,38
4957734,Disney,False,35
4887815,Социальный фонд России,False,32
4944790,Лаборатория Касперского,False,27
4962080,Netflix,False,26
4243646,Таттелеком,False,25
4944476,КРОК,False,24
4944244,Контур,False,23
3974341,РТРС,False,23
38260,билайн,False,23
4905942,OZON: Старт карьеры,False,21
4942874,Точка банк,False,21
191494,НПФ Благосостояние,False,19
4904563,VK: Старт карьеры,False,17
4959545,DreamWorks,False,17
4907133,МТС: СТАРТ КАРЬЕРЫ,False,17
3797376,"ООО ""АФФОРТО""",False,16
4959764,Amazon,False,16
4957440,Tesla,False,14
4346970,НИИП имени В. В. Тихомирова.,False,13
272717,Московский завод ФИЗПРИБОР,False,13
4859700,СПб ГКУ Организатор перевозок,False,12
4952362,Магнит: Старт Карьеры,False,12
3440179,Росжелдорпроект,False,12
2631007,ЦЕМРОС,False,10
4918750,НПФ Пакер,False,10
4451620,РЕШЕТНЁВ,False,10
4954737,SKIMS,False,10
267938,АНО ВО Санкт-Петербургская юридическая академия,False,9
35359,ВЕРТЕК,False,9
4273213,Черногорская ГРК,False,9
4961508,Википедия,False,9
4959724,Википедия,False,9
4961511,Туту,False,9
173974,Мечел,False,8
4932954,Apple,False,8
2464328,Хабаровский аэропорт,False,8
298376,СПб ГБУЗ МИАЦ,False,8
4763170,СПбГЭУ,False,7
2722945,ФТС,False,7
2416642,МВД России по Ростовской области,False,7
4070787,Аэропорт Казань,False,7
860291,Президентская библиотека имени Б. Н. Ельцина,False,7
13775,Setl Group,False,7
237125,ГАУ МО НИиПИ градостроительства,False,7
4059878,"СПб ГКУ ""Городской центр управления парковками Санкт-Петербурга""",False,7
139568,КРОК,False,7
3595643,Урюпинский крановый завод,False,6
51445,Союзснаб,False,6
235578,Банк ВТБ,False,6
4959197,"Санаторий ""Лесное""",False,6
4922230,Сhanel,False,6
3046437,ИРЗ,False,6
4253438,"Шахтоуправление ""Майское""",False,6
89813,Ассоциация ВАСТ,False,5
196244,"Компания Металл Профиль, OOO",False,5
71817,ЭКО центр,False,5
14215,Почта России,False,5
314091,"ФГБОУ ВО РГСУ, РГСУ, РОССИЙСКИЙ ГОСУДАРСТВЕННЫЙ СОЦИАЛЬНЫЙ УНИВЕРСИТЕТ",False,5
2962986,АРМК,False,5
2063869,МФК Минфина России,False,5
335586,«Оборонэнерго»,False,5
542741,Российские космические системы,False,5
1996534,Полюс,False,5
4596048,Породзинский Андрей Владимирович,False,5
2081428,"ФГБУ ""НМИЦ AГП им. В. И. Кулакова"" Минздрава России",False,5
3861304,Эвенская горнорудная компания,False,5
4942854,Аэрофлот,False,5
178200,"ПАО ""Т Плюс""",False,4
289488,Союзцветметавтоматика им. Топчаева В. П.,False,4
14449,SuperJob,False,4
100593,М. Видео-Эльдорадо,False,4
1977505,ТЕЛЛУР-ИНТЕХ,False,4
4891649,СПБ ГБ ПОУ «Колледж Петербургской моды»,False,4
4564603,"ГКУ ЯНАО ""ИАЦ""",False,4
2466656,Российские железные дороги,False,4
514997,Миассмебель-Центр,False,4
3845930,"ФГУП ""ГосНИИАС""",False,4
4960349,Торг Сервис Плюс,False,3
4949533,БРЮ СОФТ,False,3
3316052,"СЗРЦ ""Гарант Интернэшнл""",False,3
2727860,Ювелирный дом Золотая Русь,False,3
154674,ТК Наша игрушка,False,3
4941795,RT,False,3
4876809,БУЗ ВО «Вологодская областная клиническая больница»,False,3
4905642,Альфа-Банк: Старт карьеры,False,3
3551066,Crocus Group,False,3
3037705,ГАУГН,False,3
692390,Центр Новых Технологий,False,3
678972,ГОУ СОШ № 1270,False,3
528217,Народный доверительный банк,False,3
3599075,Дакс,False,3
3629294,Завод Метеор,False,3
3597464,Городская поликлиника №23 ДПО №21,False,3
3758350,Государственная библиотека,False,3
4353589,UP Grade,False,3
3959568,"СПб ГКУ ""Центр организации социального обслуживания""",False,3
4572294,АГД ДАЙМОНДС,False,3
2963005,Хантфлоу,False,3
4419950,ДИБОРЭКСПОРТ,False,3
4957980,Отель Югра,False,2
4935016,Duolingo,False,2
4959207,Шалин Оскар Андреевич,False,2
4853605,Мега-Рост,False,2
289082,ТГК-1,False,2
267737,ТЕЛЕКАРТА,False,2
4894541,ГБУ ДПО ЦОПП СПб,False,2
2985494,"Акционерное общество ""Судостроительный завод ""Море""",False,2
2720788,Международный аэропорт Внуково,False,2
2230116,Уральский клинический лечебно-реабилитационный центр им. В. В. Тетюхина,False,2
441150,"СПб ГУП ""Горэлектротранс""",False,2
2756555,Санкт-Петербургский морской рыбопромышленный колледж,False,2
4451188,КОМАНДА Ф5,False,2
4940742,УЭЗ ФС РФ,False,2
4901219,LiveGames,False,2
4748161,ФКУ ЦОКР,False,2
4743716,ЛИВЭН МОТОРС РУС,False,2
3382148,СПБ ГБПОУ КОЛЛЕДЖ АВТОМАТИЗАЦИИ ПРОИЗВОДСТВА,False,2
2635306,Пятёрочка,False,2
3462139,Омникомм ДВ,False,2
4140409,Тульские машины,False,2
4029196,Завод по переработке пластмасс ПЛАРУС,False,2
4236166,"АНО ДПО ""АДПО""",False,2
4535808,Хабаровская ремонтно-монтажная компания,False,2
4821130,«НМИЦ ДГОИ им. Дмитрия Рогачева» Минздрава России,False,2
4412294,Шанхай спецтехника,False,2
4398800,"Фирма ""Колбико""",False,2
15563,Henderson,False,1
202488,Свеза,False,1
190718,Росгосстрах,False,1
108428,Дальэнергомаш,False,1
282394,"АО ""ИнСис""",False,1
397825,Юго-Западная ТЭЦ,False,1
400494,"КуулКлевер (МясновЪ, Отдохни)",False,1
3538196,Инфоком,False,1
1975482,Российский государственный художественно-промышленный университет им. С. Г. Строганова,False,1
2182657,СК РЫБА,False,1
2531979,Башнефть-Розница,False,1
2914805,ГБОУ Школа № 2053,False,1
3776618,Иркутская районная больница,False,1
3107146,Академия управления МВД России,False,1
3512555,Фабрика АХМАД ТИ,False,1
4580933,ИС,False,1
4502734,БСП,False,1
4484806,"СМОЛЕНСКОЕ МУНИЦИПАЛЬНОЕ УНИТАРНОЕ ПРЕДПРИЯТИЕ ""ГОРВОДОКАНАЛ""",False,1
4745650,ФГБУ Российский научный центр рентгенорадиологии Минздрава РФ,False,1
4450741,РУССНАБИНЖ,False,1
4918378,"ФГБНУ ""РНЦХ ИМ. АКАД. Б. В. ПЕТРОВСКОГО""",False,1
4809124,Федеральное государственное бюджетное учреждение науки Ботанический институт им. В. Л. Комарова Российской академии наук,False,1
4940258,ГК Кронверк,False,1
4942669,Росатом,False,1
4953872,ГБОУ Школа № 657,False,1
4957726,Добрый,False,1
4958617,Lasertech,False,1
4960450,"""ПКФ ""Аметист+""",False,1
